{"output": {"image": {"width": 4284, "height": 5712}, "predictions": [{"width": 1703.356185913086, "height": 2536.507568359375, "x": 958.361457824707, "y": 4205.7374267578125, "confidence": 0.9544724225997925, "class_id": 0, "class": "Pin", "detection_id": "3cd2aea6-8ea8-4e44-9a10-cec704de89ed", "parent_id": "image"}, {"width": 1880.797119140625, "height": 2145.146484375, "x": 3189.0965576171875, "y": 4373.53466796875, "confidence": 0.9492649435997009, "class_id": 0, "class": "Pin", "detection_id": "e4bbdff5-a835-430f-a566-4dd9b542a764", "parent_id": "image"}, {"width": 1867.81005859375, "height": 2502.4147338867188, "x": 3263.165771484375, "y": 2005.3890686035156, "confidence": 0.9406445622444153, "class_id": 0, "class": "Pin", "detection_id": "f850188b-0744-4252-bdf3-7e6bed9811cd", "parent_id": "image"}, {"width": 1945.2659912109375, "height": 2611.8203125, "x": 1100.2520141601562, "y": 1737.743896484375, "confidence": 0.9181570410728455, "class_id": 0, "class": "Pin", "detection_id": "4fb30aae-31f1-4a1b-9019-80036e45e99a", "parent_id": "image"}]}}